{"cameraMode":{"drawMode":0,"name":"Shaded","section":"Shading Mode"},"sceneLighting":true,"audioPlay":false,"sceneViewState":{"m_AlwaysRefresh":false,"showFog":true,"showSkybox":true,"showFlares":true,"showImageEffects":true,"showParticleSystems":true,"showVisualEffectGraphs":true,"m_FxEnabled":true},"in2DMode":false,"pivot":{"x":10.534075736999512,"y":1.7482855319976807,"z":0.7814798355102539},"rotation":{"x":-0.06557463854551316,"y":0.899348795413971,"z":-0.1441251039505005,"w":-0.40773507952690127},"size":8.572121620178223,"orthographic":true}