{"cameraMode":{"drawMode":0,"name":"Shaded","section":"Shading Mode"},"sceneLighting":true,"audioPlay":false,"sceneViewState":{"m_AlwaysRefresh":false,"showFog":true,"showSkybox":true,"showFlares":true,"showImageEffects":true,"showParticleSystems":true,"showVisualEffectGraphs":true,"m_FxEnabled":true},"in2DMode":false,"pivot":{"x":10.098187446594239,"y":-1.2973449230194092,"z":-0.3076448440551758},"rotation":{"x":-0.056229185312986377,"y":0.9376331567764282,"z":-0.2915850579738617,"w":-0.18081003427505494},"size":3.8637850284576418,"orthographic":false}