{"cameraMode":{"drawMode":0,"name":"Shaded","section":"Shading Mode"},"sceneLighting":true,"audioPlay":false,"sceneViewState":{"m_AlwaysRefresh":false,"showFog":true,"showSkybox":true,"showFlares":true,"showImageEffects":true,"showParticleSystems":true,"showVisualEffectGraphs":true,"m_FxEnabled":true},"in2DMode":false,"pivot":{"x":27.882858276367189,"y":1.6923891305923463,"z":28.757898330688478},"rotation":{"x":0.12970542907714845,"y":-0.6781488060951233,"z":0.12340271472930908,"w":0.7127879858016968},"size":2.5093324184417726,"orthographic":true}