{"cameraMode":{"drawMode":0,"name":"Shaded","section":"Shading Mode"},"sceneLighting":true,"audioPlay":false,"sceneViewState":{"m_AlwaysRefresh":false,"showFog":true,"showSkybox":true,"showFlares":true,"showImageEffects":true,"showParticleSystems":true,"showVisualEffectGraphs":true,"m_FxEnabled":true},"in2DMode":false,"pivot":{"x":1.8602395057678223,"y":-0.02860391139984131,"z":3.163033962249756},"rotation":{"x":0.0518161803483963,"y":-0.9384093880653381,"z":0.30111369490623476,"w":0.1614668220281601},"size":6.864542484283447,"orthographic":true}