{"cameraMode":{"drawMode":0,"name":"Shaded","section":"Shading Mode"},"sceneLighting":true,"audioPlay":false,"sceneViewState":{"m_AlwaysRefresh":false,"showFog":true,"showSkybox":true,"showFlares":true,"showImageEffects":true,"showParticleSystems":true,"showVisualEffectGraphs":true,"m_FxEnabled":true},"in2DMode":false,"pivot":{"x":21.87691879272461,"y":1.1742793321609498,"z":31.845046997070314},"rotation":{"x":-0.16149908304214478,"y":0.8053460717201233,"z":-0.25432249903678896,"w":-0.5106822848320007},"size":4.810449123382568,"orthographic":true}