{"cameraMode":{"drawMode":0,"name":"Shaded","section":"Shading Mode"},"sceneLighting":true,"audioPlay":false,"sceneViewState":{"m_AlwaysRefresh":false,"showFog":true,"showSkybox":true,"showFlares":true,"showImageEffects":true,"showParticleSystems":true,"showVisualEffectGraphs":true,"m_FxEnabled":true},"in2DMode":false,"pivot":{"x":0.6627392768859863,"y":0.6349359750747681,"z":2.9280905723571779},"rotation":{"x":0.0518161803483963,"y":-0.9384093880653381,"z":0.30111369490623476,"w":0.1614668220281601},"size":6.864542484283447,"orthographic":true}